CREATE DATABASE QuanLyBanHang
USE QuanLyBanHang
DROP DATABASE QuanLyBanHang
CREATE TABLE KHACHHANG
(
	MAKH CHAR(4) CONSTRAINT PK_MAKH PRIMARY KEY,
	HOTEN VARCHAR(40),
	DCHI VARCHAR(50),
	SODT VARCHAR(20),
	NGSINH SMALLDATETIME,
	DOANHSO MONEY,
	NGDK SMALLDATETIME
)

CREATE TABLE NHANVIEN 
(
	MANV CHAR(4) CONSTRAINT PK_MANV PRIMARY KEY,
	HOTEN VARCHAR(40),
	SODT VARCHAR(20),
	NGVL SMALLDATETIME
)

CREATE TABLE SANPHAM 
(
	MASP CHAR(4) CONSTRAINT PK_MASP PRIMARY KEY,
	TENSP VARCHAR(40),
	DVT VARCHAR(20),
	NUOCSX VARCHAR(40),
	GIA MONEY
)
CREATE TABLE HOADON
(
	SOHD INT CONSTRAINT PK_SOHD PRIMARY KEY,
	NGHD SMALLDATETIME,
	MAKH CHAR(4) ,
	MANV CHAR(4) ,
	TRIGIA MONEY
)
CREATE TABLE CTHD 
(
	SOHD INT,
	MASP CHAR(4),
	SL INT,
	CONSTRAINT PK_CTHD PRIMARY KEY (SOHD,MASP)

)
ALTER TABLE CTHD
ADD CONSTRAINT FK_CTHD_HOADON  FOREIGN KEY (SOHD)  REFERENCES HOADON(SOHD)
ALTER TABLE CTHD 
ADD CONSTRAINT FK_CTHD_SANPHAM FOREIGN KEY (MASP) REFERENCES SANPHAM(MASP)
ALTER TABLE HOADON
ADD CONSTRAINT FK_HOADON_NHANVIEN FOREIGN KEY (MANV) REFERENCES NHANVIEN(MANV)
ALTER TABLE HOADON
ADD CONSTRAINT FK_HOADON_KHACHHANG FOREIGN KEY(MAKH) REFERENCES KHACHHANG(MAKH)

SET DATEFORMAT DMY 

--NGON NGU DINH NGHIA DU LIEU--
--Cau 2--
ALTER TABLE SANPHAM
ADD GHICHU VARCHAR(20);
--Cau3--
ALTER TABLE KHACHHANG
ADD LOAIKH TINYINT;
--Cau 4--
ALTER TABLE SANPHAM
ALTER COLUMN GHICHU VARCHAR(100);
--Cau 5--
ALTER TABLE SANPHAM
DROP COLUMN GHICHU;
--Cau 6: Phai doi kieu tu tinyint thanh varchar--
ALTER TABLE KHACHHANG
ALTER COLUMN LOAIKH VARCHAR(100);
--Cau 7--
ALTER TABLE SANPHAM
ADD CONSTRAINT SANPHAM_DVT_C CHECK (DVT = 'CAY' OR DVT = 'HOP' OR DVT = 'CAI' OR DVT ='QUYEN' OR DVT = 'CHUC')
--Cau 8 -- 
ALTER TABLE SANPHAM
ADD CONSTRAINT SANPHAM_GIA_C CHECK (GIA >= 500)
--Cau 9--
ALTER TABLE CTHD
ADD CONSTRAINT CTHD_SOLUONG_C CHECK (SL >= 1)
--Cau 10--
ALTER TABLE KHACHHANG
ADD CONSTRAINT KHACHHANG_NGSINH_NGDK_C CHECK (NGDK > NGSINH)


--NGON NGU THAO TAC DU LIEU--
--Cau 2--
SELECT * INTO SANPHAM1 FROM SANPHAM
SELECT * INTO KHACHHANG1 FROM KHACHHANG
--Cau 3-- 
UPDATE SANPHAM1
SET GIA = GIA + 0.05*GIA
WHERE NUOCSX = 'THAILAN'
--Cau 4--
UPDATE SANPHAM1
SET GIA = GIA - 0.05*GIA
WHERE (NUOCSX = 'TRUNGQUOC') AND (GIA <=10000)
--Cau 5--
UPDATE KHACHHANG1
SET LOAIKH = 'VIP'
WHERE (NGDK < '1/1/2007' AND DOANHSO > 10000000) OR (NGDK >= '1/1/2007' AND DOANHSO > 2000000)

--NGON NGU TRUY VAN DU LIEU--
--Cau 1--
SELECT MASP, TENSP FROM SANPHAM WHERE NUOCSX = 'TRUNGQUOC'
--Cau 2--
SELECT MASP, TENSP FROM SANPHAM WHERE DVT = 'CAY' OR DVT = 'QUYEN'
--Cau 3--
SELECT MASP, TENSP FROM SANPHAM WHERE MASP LIKE 'B%01'
--Cau 4--
SELECT MASP, TENSP FROM SANPHAM WHERE NUOCSX = 'TRUNGQUOC' AND GIA <= 40000 AND GIA >= 30000
--Cau 5--
SELECT MASP, TENSP FROM SANPHAM WHERE (NUOCSX = 'TRUNGQUOC' OR NUOCSX = 'THAILAN') AND GIA <= 40000 AND GIA >= 30000
--Cau 6--
SELECT SOHD, TRIGIA FROM HOADON WHERE (NGHD = '1/1/2007' OR NGHD = '2/1/2007')
--Cau 7--
SELECT SOHD, TRIGIA FROM HOADON WHERE (MONTH(NGHD) = 1 AND YEAR(NGHD) = 2007) ORDER BY NGHD, TRIGIA DESC
--Cau 8--
SELECT KHACHHANG.MAKH, HOTEN FROM (KHACHHANG JOIN HOADON ON KHACHHANG.MAKH = HOADON.MAKH) WHERE (NGHD = '1/1/2007')
--Cau 9--
SELECT SOHD, TRIGIA FROM (NHANVIEN JOIN HOADON ON NHANVIEN.MANV = HOADON.MANV) 
WHERE (NGHD = '28/10/2006' AND HOTEN = 'NGUYEN VAN B')

--Cau 10--
SELECT SP.MASP, SP.TENSP FROM KHACHHANG KH, HOADON HD, SANPHAM SP, CTHD CT
WHERE (CT.SOHD = HD.SOHD AND CT.MASP = SP.MASP AND KH.MAKH = HD.MAKH) 
	AND HOTEN = 'NGUYEN VAN A' AND MONTH(HD.NGHD) = 10 AND YEAR(HD.NGHD) = 2006

--Cau 11--
SELECT HOADON.SOHD FROM HOADON JOIN CTHD ON HOADON.SOHD = CTHD.SOHD WHERE (MASP = 'BB01')
UNION
SELECT HOADON.SOHD FROM HOADON JOIN CTHD ON HOADON.SOHD = CTHD.SOHD WHERE (MASP = 'BB02')
--Cau 12--
SELECT HOADON.SOHD FROM HOADON JOIN CTHD ON HOADON.SOHD = CTHD.SOHD WHERE (MASP = 'BB01'AND SL BETWEEN 10 AND 20)
UNION
SELECT HOADON.SOHD FROM HOADON JOIN CTHD ON HOADON.SOHD = CTHD.SOHD WHERE (MASP = 'BB02' AND SL BETWEEN 10 AND 20)
--Cau 13--
SELECT HOADON.SOHD FROM HOADON JOIN CTHD ON HOADON.SOHD = CTHD.SOHD WHERE (MASP = 'BB01'AND SL BETWEEN 10 AND 20)
INTERSECT
SELECT HOADON.SOHD FROM HOADON JOIN CTHD ON HOADON.SOHD = CTHD.SOHD WHERE (MASP = 'BB02' AND SL BETWEEN 10 AND 20)
--Cau 14--
SELECT SP.MASP, TENSP FROM SANPHAM SP, HOADON HD, CTHD CT WHERE (CT.MASP = SP.MASP AND HD.SOHD = CT.SOHD) AND NUOCSX = 'TRUNGQUOC' 
UNION
SELECT SP.MASP, TENSP FROM SANPHAM SP, HOADON HD, CTHD CT WHERE (CT.MASP = SP.MASP AND HD.SOHD = CT.SOHD) AND NGHD = 1/1/2007
--Cau 15--
SELECT SP.MASP, TENSP FROM SANPHAM SP
WHERE NOT EXISTS (SELECT * FROM CTHD CT WHERE CT.MASP = SP.MASP AND CT.MASP = SP.MASP)
--Cau 16--
SELECT SP.MASP, TENSP FROM SANPHAM SP
WHERE NOT EXISTS (SELECT * FROM CTHD CT, HOADON HD  
				  WHERE CT.MASP = SP.MASP AND HD.SOHD = CT.SOHD AND CT.MASP = SP.MASP AND YEAR(NGHD) = 2006)
--Cau 17--
SELECT SP.MASP, TENSP FROM SANPHAM SP
WHERE NOT EXISTS (SELECT * FROM CTHD CT, HOADON HD  
				  WHERE CT.MASP = SP.MASP AND HD.SOHD = CT.SOHD AND CT.MASP = SP.MASP AND YEAR(NGHD) = 2006) 
	 AND NUOCSX = 'TRUNGQUOC'

--Cau 18--
SELECT CT.SOHD FROM CTHD CT, SANPHAM SP, HOADON HD 
WHERE SP.MASP = CT.MASP AND CT.SOHD = HD.SOHD AND NUOCSX = 'SINGAPORE' AND YEAR(NGHD) = 2006 
GROUP BY CT.SOHD, NUOCSX
HAVING SUM(SL) <= ALL (SELECT SUM(SL) 
						FROM CTHD CT, SANPHAM SP, HOADON HD 
					   WHERE SP.MASP = CT.MASP AND CT.SOHD = HD.SOHD AND NUOCSX = 'SINGAPORE' AND YEAR(NGHD) = 2006  
					   GROUP BY CT.SOHD)
--Cau 19--
SELECT COUNT(SOHD) AS SOKHACHCHUADK
FROM HOADON
WHERE MAKH IS NULL
--Cau 20--
SELECT COUNT(DISTINCT MASP) 
FROM CTHD CT JOIN HOADON HD ON CT.SOHD = HD.SOHD
WHERE YEAR(NGHD) = 2006
--Cau 21--
SELECT MAX(TRIGIA) AS MAXHD, MIN(TRIGIA) AS MINHD
FROM HOADON
--Cau 22--
SELECT AVG(TRIGIA) AS TRIGIATB
FROM HOADON
WHERE YEAR(NGHD) = 2006
--Cau 23--
SELECT SUM(TRIGIA) AS DOANHTHU
FROM HOADON
WHERE YEAR(NGHD) = 2006
--Cau 24--
SELECT SOHD 
FROM HOADON
WHERE TRIGIA >= ALL (SELECT TRIGIA FROM HOADON WHERE YEAR(NGHD) = 2006) AND YEAR(NGHD) =2006
--Cau 25--
SELECT HOTEN
FROM KHACHHANG KH, HOADON HD
WHERE KH.MAKH = HD.MAKH AND TRIGIA >= ALL (SELECT TRIGIA FROM HOADON WHERE YEAR(NGHD) = 2006) AND YEAR(NGHD) =2006
--Cau 26--
SELECT TOP 3 KH.MAKH,HOTEN, SUM(TRIGIA) AS TONGTRIGIA
FROM KHACHHANG KH, HOADON HD
WHERE KH.MAKH = HD.MAKH
GROUP BY KH.MAKH, HOTEN
ORDER BY SUM(TRIGIA) DESC

--Cau 27--
SELECT MASP, TENSP, GIA
FROM SANPHAM
WHERE GIA IN (SELECT DISTINCT TOP 3 GIA FROM SANPHAM ORDER BY GIA DESC)
--Cau 28--
SELECT MASP, TENSP, GIA
FROM SANPHAM
WHERE NUOCSX = 'THAILAN' AND GIA IN (SELECT DISTINCT TOP 3 GIA FROM SANPHAM ORDER BY GIA DESC)
--Cau 29--
SELECT MASP, TENSP, GIA
FROM SANPHAM
WHERE NUOCSX = 'TRUNGQUOC' AND GIA IN (SELECT DISTINCT TOP 3 GIA 
										FROM SANPHAM 
										WHERE NUOCSX = 'TRUNGQUOC' 
										ORDER BY GIA DESC)
--Cau 30--
SELECT TOP 3 KH.MAKH, HOTEN, RANK() OVER (ORDER BY SUM(TRIGIA) DESC) AS XEPHANG, SUM(TRIGIA) AS TONGTRIGIA
FROM KHACHHANG KH JOIN HOADON HD ON KH.MAKH = HD.MAKH
GROUP BY KH.MAKH, HOTEN
--Cau 31--
SELECT SUM(SL) AS TONGSANPHAMTQ
FROM SANPHAM SP, CTHD CT
WHERE SP.MASP = CT.MASP AND NUOCSX = 'TRUNGQUOC'
--Cau 32--
SELECT NUOCSX, SUM(SL) AS TONGSANPHAM
FROM SANPHAM SP, CTHD CT
WHERE SP.MASP = CT.MASP 
GROUP BY NUOCSX
--Cau 33--
SELECT NUOCSX, MAX(GIA) AS MAXGIA , MIN(GIA) AS MINGIA, AVG(GIA) AS AVGGIA
FROM SANPHAM
GROUP BY NUOCSX
--Cau 34--
SELECT NGHD, SUM(TRIGIA) AS DOANHTHU
FROM HOADON
GROUP BY NGHD
--Cau 35--
SELECT TENSP, SUM(SL) AS SOLUONG
FROM SANPHAM SP, CTHD CT, HOADON HD
WHERE SP.MASP = CT.MASP AND HD.SOHD = CT.SOHD
	AND MONTH(NGHD) = 10 AND YEAR(NGHD) = 2006
GROUP BY TENSP
--Cau 36--
SELECT MONTH(NGHD) AS THANG, SUM(TRIGIA) AS DOANHTHU
FROM HOADON
WHERE YEAR(NGHD) = 2006
GROUP BY MONTH(NGHD)
--Cau 37--
SELECT SOHD, COUNT(MASP) AS SOLOAISP
FROM CTHD
GROUP BY SOHD
HAVING COUNT(MASP) >= 4
--Cau 38--
SELECT SOHD
FROM CTHD CT, SANPHAM SP
WHERE CT.MASP = SP.MASP AND NUOCSX = 'VIETNAM'
GROUP BY SOHD
HAVING COUNT(CT.MASP) = 3
--Cau 39--
SELECT KH.MAKH, HOTEN, COUNT(SOHD) AS SOLUONGHD
FROM KHACHHANG KH, HOADON HD
GROUP BY KH.MAKH, HOTEN
HAVING COUNT(SOHD) >= ALL (SELECT COUNT(SOHD) FROM HOADON HD WHERE HD.MAKH = HD.MAKH)
--Cau 40--
SELECT MONTH(NGHD) AS THANG_CO_DOANHSO_MAX, SUM(TRIGIA) AS DOANH_SO
FROM HOADON 
GROUP BY MONTH(NGHD)
HAVING SUM (TRIGIA) >= ALL (SELECT SUM(TRIGIA) FROM HOADON GROUP BY MONTH(NGHD))

--Cau 41--
SELECT SP.MASP, TENSP
FROM SANPHAM SP, HOADON HD, CTHD CT
WHERE SP.MASP = CT.MASP AND HD.SOHD = CT.SOHD AND YEAR(NGHD) = 2006
GROUP BY SP.MASP, TENSP
HAVING SUM(SL) <= ALL (SELECT SUM(SL) 
						FROM SANPHAM SP, HOADON HD, CTHD CT
						WHERE SP.MASP = CT.MASP AND HD.SOHD = CT.SOHD AND YEAR(NGHD) = 2006
						GROUP BY SP.MASP, TENSP)

--Cau 42--
SELECT NUOCSX, MAX(GIA) AS GIABANCAONHAT
FROM SANPHAM
GROUP BY NUOCSX
--Cau 43--
SELECT NUOCSX AS NUOCSX_3SP_GIAKHACNHAU
FROM SANPHAM
GROUP BY NUOCSX
HAVING COUNT(DISTINCT GIA) = 3

-- Cau 44--
SELECT KH.MAKH, HOTEN, COUNT (SOHD) AS SOLANMUAHANG
FROM KHACHHANG KH JOIN HOADON HD ON HD.MAKH = KH.MAKH
GROUP BY KH.MAKH, HOTEN 
HAVING COUNT (SOHD) >= ALL (SELECT TOP 10 COUNT (SOHD) 
							FROM KHACHHANG KH JOIN HOADON HD ON HD.MAKH = KH.MAKH
							GROUP BY KH.MAKH, HOTEN
							ORDER BY COUNT(SOHD) DESC
							)

SELECT*FROM KHACHHANG1
INSERT INTO NHANVIEN(MANV,HOTEN,SODT,NGVL) VALUES ('NV01','NGUYEN NHU NHUT','0927345678','13/04/2006')
INSERT INTO NHANVIEN(MANV,HOTEN,SODT,NGVL) VALUES ('NV02','LE THI PHI YEN','0987567390','21/04/2006')
INSERT INTO NHANVIEN(MANV,HOTEN,SODT,NGVL) VALUES ('NV03','NGUYEN VAN B','0997047382','27/04/2006')
INSERT INTO NHANVIEN(MANV,HOTEN,SODT,NGVL) VALUES ('NV04','NGO THANH TUAN','0913758498','24/06/2006')
INSERT INTO NHANVIEN(MANV,HOTEN,SODT,NGVL) VALUES ('NV05','NGUYEN THI TRUC THANH','0918590387','20/07/2006')

INSERT INTO KHACHHANG(MAKH,HOTEN,DCHI,SODT,NGSINH,NGDK,DOANHSO) VALUES ('KH01','NGUYEN VAN A','731TRAN HUNG DAO,Q5,THHCM','08823451','22/10/1960','22/07/2006',13060000)
INSERT INTO KHACHHANG(MAKH,HOTEN,DCHI,SODT,NGSINH,NGDK,DOANHSO) VALUES ('KH02','TRAN NGOC HAN','23/5NGUYEN TRAI,Q5,TPHCM','0908256478','03/04/1974','30/07/2006',280000)
INSERT INTO KHACHHANG(MAKH,HOTEN,DCHI,SODT,NGSINH,NGDK,DOANHSO) VALUES ('KH03','TRAN NGOC LINH','45NGUYEN CANH CHAN,Q1,TPHCM','0938776266','10/06/1980','05/05/2006',3860000)
INSERT INTO KHACHHANG(MAKH,HOTEN,DCHI,SODT,NGSINH,NGDK,DOANHSO) VALUES ('KH04','TRAN MINH LONG','50/34LE DAI HANH,Q10,TPHCM','0917325476','09/03/1965','02/10/2006',250000)
INSERT INTO KHACHHANG(MAKH,HOTEN,DCHI,SODT,NGSINH,NGDK,DOANHSO) VALUES ('KH05','LE NHAT MINH','34TRUONG DINH,Q3,TPHCM','08246108','10/03/1950','28/10/2006',21000)
INSERT INTO KHACHHANG(MAKH,HOTEN,DCHI,SODT,NGSINH,NGDK,DOANHSO) VALUES ('KH06','LE HOAI THUONG','227NGUYEN VAN CU,Q5,TPHCM','08631738','31/12/1981','24/11/2006',915000)
INSERT INTO KHACHHANG(MAKH,HOTEN,DCHI,SODT,NGSINH,NGDK,DOANHSO) VALUES ('KH07','NGUYEN VAN TAM','32/3 TRAN BINH TRONG,Q5,TPHCM','0916783565','06/06/1971','01/12/2006',12500)
INSERT INTO KHACHHANG(MAKH,HOTEN,DCHI,SODT,NGSINH,NGDK,DOANHSO) VALUES ('KH08','PHAN THI THANH','45/2 AN DUONG VUONG,Q5,TPHCM','0938435756','10/01/1971','13/12/2006',365000)
INSERT INTO KHACHHANG(MAKH,HOTEN,DCHI,SODT,NGSINH,NGDK,DOANHSO) VALUES ('KH09','LE HA VINH','837 LE HONG PHONG,Q5,TPHCM','08654763','03/03/1979','14/01/2007',70000)
INSERT INTO KHACHHANG(MAKH,HOTEN,DCHI,SODT,NGSINH,NGDK,DOANHSO) VALUES ('KH10','HA DUY LAP','34/34B NGUYEN TRAI,Q5,TPHCM','08768904','02/05/1983','16/01/2007',67500)


INSERT INTO SANPHAM(MASP,TENSP,DVT,NUOCSX,GIA) VALUES ('BC01','BUT CHI','CAY','SINGAPORE',3000)
INSERT INTO SANPHAM(MASP,TENSP,DVT,NUOCSX,GIA) VALUES ('BC02','BUT CHI','CAY','SINGAPORE',5000)
INSERT INTO SANPHAM(MASP,TENSP,DVT,NUOCSX,GIA) VALUES ('BC03','BUT CHI','CAY','VIETNAM',3500)
INSERT INTO SANPHAM(MASP,TENSP,DVT,NUOCSX,GIA) VALUES ('BC04','BUT CHI','HOP','VIETNAM',30000)
INSERT INTO SANPHAM(MASP,TENSP,DVT,NUOCSX,GIA) VALUES ('BB01','BUT BI','CAY','VIETNAM',5000)
INSERT INTO SANPHAM(MASP,TENSP,DVT,NUOCSX,GIA) VALUES ('BB02','BUT BI','CAY','TRUNGQUOC',7000)
INSERT INTO SANPHAM(MASP,TENSP,DVT,NUOCSX,GIA) VALUES ('BB03','BUT BI','HOP','THAILAN',100000)
INSERT INTO SANPHAM(MASP,TENSP,DVT,NUOCSX,GIA) VALUES ('TV01','TAP 100 TRANG GIAY MONG','QUYEN','TRUNGQUOC',2500)
INSERT INTO SANPHAM(MASP,TENSP,DVT,NUOCSX,GIA) VALUES ('TV02','TAP 200 TRANG GIAY MONG','QUYEN','TRUNGQUOC',4500)
INSERT INTO SANPHAM(MASP,TENSP,DVT,NUOCSX,GIA) VALUES ('TV03','TAP 100 TRANG GIAY TOT','QUYEN','VIETNAM',3000)
INSERT INTO SANPHAM(MASP,TENSP,DVT,NUOCSX,GIA) VALUES ('TV04','TAP 200 TRANG GIAY TOT','QUYEN','VIETNAM',5500)
INSERT INTO SANPHAM(MASP,TENSP,DVT,NUOCSX,GIA) VALUES ('TV05','TAP 100 TRANG ','CHUC','VIETNAM',23000)
INSERT INTO SANPHAM(MASP,TENSP,DVT,NUOCSX,GIA) VALUES ('TV06','TAP 200 TRANG ','CHUC','VIETNAM',53000)
INSERT INTO SANPHAM(MASP,TENSP,DVT,NUOCSX,GIA) VALUES ('TV07','TAP 100 TRANG ','CHUC','TRUNGQUOC',34000)
INSERT INTO SANPHAM(MASP,TENSP,DVT,NUOCSX,GIA) VALUES ('ST01','SO TAY 500 TRANG','QUYEN','TRUNGQUOC',40000)
INSERT INTO SANPHAM(MASP,TENSP,DVT,NUOCSX,GIA) VALUES ('ST02','SO TAY LOAI 1','QUYEN','VIETNAM',55000)
INSERT INTO SANPHAM(MASP,TENSP,DVT,NUOCSX,GIA) VALUES ('ST03','SO TAY LOAI 2','QUYEN','VIETNAM',51000)
INSERT INTO SANPHAM(MASP,TENSP,DVT,NUOCSX,GIA) VALUES ('ST04','SO TAY','QUYEN','THAILAN',55000)
INSERT INTO SANPHAM(MASP,TENSP,DVT,NUOCSX,GIA) VALUES ('ST05','SO TAY MONG','QUYEN','THAILAN',20000)
INSERT INTO SANPHAM(MASP,TENSP,DVT,NUOCSX,GIA) VALUES ('ST06','PHAN VIET BANG','HOP','VIETNAM',5000)
INSERT INTO SANPHAM(MASP,TENSP,DVT,NUOCSX,GIA) VALUES ('ST07','PHAN KHONG BUI','HOP','VIETNAM',7000)
INSERT INTO SANPHAM(MASP,TENSP,DVT,NUOCSX,GIA) VALUES ('ST08','BONG BAMG','CAI','VIETNAM',1000)
INSERT INTO SANPHAM(MASP,TENSP,DVT,NUOCSX,GIA) VALUES ('ST09','BUT LONG','CAY','VIETNAM',5000)
INSERT INTO SANPHAM(MASP,TENSP,DVT,NUOCSX,GIA) VALUES ('ST10','BUT LONG','CAY','TRUNGQUOC',7000)

INSERT INTO HOADON(SOHD,NGHD,MAKH,MANV,TRIGIA) VALUES (1001,'27/07/2006','KH01','NV01',320000)
INSERT INTO HOADON(SOHD,NGHD,MAKH,MANV,TRIGIA) VALUES (1002,'10/08/2006','KH01','NV02',840000)
INSERT INTO HOADON(SOHD,NGHD,MAKH,MANV,TRIGIA) VALUES (1003,'23/08/2006','KH02','NV01',100000)
INSERT INTO HOADON(SOHD,NGHD,MAKH,MANV,TRIGIA) VALUES (1004,'01/09/2006','KH02','NV01',180000)
INSERT INTO HOADON(SOHD,NGHD,MAKH,MANV,TRIGIA) VALUES (1005,'20/10/2006','KH01','NV02',3800000)
INSERT INTO HOADON(SOHD,NGHD,MAKH,MANV,TRIGIA) VALUES (1006,'16/10/2006','KH01','NV03',2430000)
INSERT INTO HOADON(SOHD,NGHD,MAKH,MANV,TRIGIA) VALUES (1007,'28/10/2006','KH03','NV03',510000)
INSERT INTO HOADON(SOHD,NGHD,MAKH,MANV,TRIGIA) VALUES (1008,'28/10/2006','KH01','NV03',440000)
INSERT INTO HOADON(SOHD,NGHD,MAKH,MANV,TRIGIA) VALUES (1009,'28/10/2006','KH03','NV04',200000)
INSERT INTO HOADON(SOHD,NGHD,MAKH,MANV,TRIGIA) VALUES (1010,'01/11/2006','KH01','NV01',5200000)
INSERT INTO HOADON(SOHD,NGHD,MAKH,MANV,TRIGIA) VALUES (1011,'04/11/2006','KH04','NV03',250000)
INSERT INTO HOADON(SOHD,NGHD,MAKH,MANV,TRIGIA) VALUES (1012,'30/11/2006','KH05','NV03',21000)
INSERT INTO HOADON(SOHD,NGHD,MAKH,MANV,TRIGIA) VALUES (1013,'12/12/2006','KH06','NV01',5000)
INSERT INTO HOADON(SOHD,NGHD,MAKH,MANV,TRIGIA) VALUES (1014,'31/12/2006','KH03','NV02',3150000)
INSERT INTO HOADON(SOHD,NGHD,MAKH,MANV,TRIGIA) VALUES (1015,'01/01/2007','KH06','NV01',910000)
INSERT INTO HOADON(SOHD,NGHD,MAKH,MANV,TRIGIA) VALUES (1016,'01/01/2007','KH07','NV02',12500)
INSERT INTO HOADON(SOHD,NGHD,MAKH,MANV,TRIGIA) VALUES (1017,'02/01/2007','KH08','NV03',35000)
INSERT INTO HOADON(SOHD,NGHD,MAKH,MANV,TRIGIA) VALUES (1018,'13/01/2007','KH08','NV03',330000)
INSERT INTO HOADON(SOHD,NGHD,MAKH,MANV,TRIGIA) VALUES (1019,'13/01/2007','KH01','NV03',30000)
INSERT INTO HOADON(SOHD,NGHD,MAKH,MANV,TRIGIA) VALUES (1020,'14/01/2007','KH09','NV04',70000)
INSERT INTO HOADON(SOHD,NGHD,MAKH,MANV,TRIGIA) VALUES (1021,'16/01/2007','KH10','NV03',67500)
INSERT INTO HOADON(SOHD,NGHD,MAKH,MANV,TRIGIA) VALUES (1022,'16/01/2007',NULL,'NV03',7000)
INSERT INTO HOADON(SOHD,NGHD,MAKH,MANV,TRIGIA) VALUES (1023,'17/01/2007',NULL,'NV01',330000)

INSERT INTO CTHD(SOHD,MASP,SL) VALUES (1001,'TV02',10)
INSERT INTO CTHD(SOHD,MASP,SL) VALUES (1001,'ST01',5)
INSERT INTO CTHD(SOHD,MASP,SL) VALUES (1001,'BC01',5)
INSERT INTO CTHD(SOHD,MASP,SL) VALUES (1001,'BC02',10)
INSERT INTO CTHD(SOHD,MASP,SL) VALUES (1001,'ST08',10)
INSERT INTO CTHD(SOHD,MASP,SL) VALUES (1002,'BC04',20)
INSERT INTO CTHD(SOHD,MASP,SL) VALUES (1002,'BB01',20)
INSERT INTO CTHD(SOHD,MASP,SL) VALUES (1002,'BB02',20)
INSERT INTO CTHD(SOHD,MASP,SL) VALUES (1003,'BB03',10)
INSERT INTO CTHD(SOHD,MASP,SL) VALUES (1004,'TV01',20)
INSERT INTO CTHD(SOHD,MASP,SL) VALUES (1004,'TV02',10)
INSERT INTO CTHD(SOHD,MASP,SL) VALUES (1004,'TV03',10)
INSERT INTO CTHD(SOHD,MASP,SL) VALUES (1004,'TV04',10)
INSERT INTO CTHD(SOHD,MASP,SL) VALUES (1005,'TV05',50)
INSERT INTO CTHD(SOHD,MASP,SL) VALUES (1005,'TV06',50)
INSERT INTO CTHD(SOHD,MASP,SL) VALUES (1006,'TV07',20)
INSERT INTO CTHD(SOHD,MASP,SL) VALUES (1006,'ST01',30)
INSERT INTO CTHD(SOHD,MASP,SL) VALUES (1006,'ST02',10)
INSERT INTO CTHD(SOHD,MASP,SL) VALUES (1007,'ST03',10)
INSERT INTO CTHD(SOHD,MASP,SL) VALUES (1008,'ST04',8)
INSERT INTO CTHD(SOHD,MASP,SL) VALUES (1009,'ST05',10)
INSERT INTO CTHD(SOHD,MASP,SL) VALUES (1010,'TV07',50)
INSERT INTO CTHD(SOHD,MASP,SL) VALUES (1010,'ST07',50)
INSERT INTO CTHD(SOHD,MASP,SL) VALUES (1010,'ST08',100)
INSERT INTO CTHD(SOHD,MASP,SL) VALUES (1010,'ST04',50)
INSERT INTO CTHD(SOHD,MASP,SL) VALUES (1010,'TV03',100)
INSERT INTO CTHD(SOHD,MASP,SL) VALUES (1011,'ST06',50)
INSERT INTO CTHD(SOHD,MASP,SL) VALUES (1012,'ST07',3)
INSERT INTO CTHD(SOHD,MASP,SL) VALUES (1013,'ST08',5)
INSERT INTO CTHD(SOHD,MASP,SL) VALUES (1014,'BC02',80)
INSERT INTO CTHD(SOHD,MASP,SL) VALUES (1014,'BB02',100)
INSERT INTO CTHD(SOHD,MASP,SL) VALUES (1014,'BC04',60)
INSERT INTO CTHD(SOHD,MASP,SL) VALUES (1014,'BB01',50)
INSERT INTO CTHD(SOHD,MASP,SL) VALUES (1015,'BB02',30)
INSERT INTO CTHD(SOHD,MASP,SL) VALUES (1015,'BB03',7)
INSERT INTO CTHD(SOHD,MASP,SL) VALUES (1016,'TV01',5)
INSERT INTO CTHD(SOHD,MASP,SL) VALUES (1017,'TV02',1)
INSERT INTO CTHD(SOHD,MASP,SL) VALUES (1017,'TV03',1)
INSERT INTO CTHD(SOHD,MASP,SL) VALUES (1017,'TV04',5)
INSERT INTO CTHD(SOHD,MASP,SL) VALUES (1018,'ST04',6)
INSERT INTO CTHD(SOHD,MASP,SL) VALUES (1019,'ST05',1)
INSERT INTO CTHD(SOHD,MASP,SL) VALUES (1019,'ST06',2)
INSERT INTO CTHD(SOHD,MASP,SL) VALUES (1020,'ST07',10)
INSERT INTO CTHD(SOHD,MASP,SL) VALUES (1021,'ST08',5)
INSERT INTO CTHD(SOHD,MASP,SL) VALUES (1021,'TV01',7)
INSERT INTO CTHD(SOHD,MASP,SL) VALUES (1021,'TV02',10)
INSERT INTO CTHD(SOHD,MASP,SL) VALUES (1022,'ST07',1)
INSERT INTO CTHD(SOHD,MASP,SL) VALUES (1023,'ST04',6)

